Accuracy,Precision,Recall,F1_score,G-Mean,MCC,Cohen_Kappa
0.981553247558518,0.983829517905018,0.981553247558518,0.9823681053960678,0.9360626467455596,0.8000955929646059,0.7962771644733577
