Accuracy,Precision,Recall,F1_score,G-Mean,MCC,Cohen_Kappa
0.979228026662533,0.9820940232021956,0.979228026662533,0.9802601565076918,0.9285805599679545,0.7781470118875706,0.773433353523636
