Accuracy,Precision,Recall,F1_score,G-Mean,MCC,Cohen_Kappa
0.980778173926523,0.9826948970343744,0.980778173926523,0.9815044429933822,0.922986170813526,0.7874256398981836,0.7846858321660402
