Accuracy,Precision,Recall,F1_score,G-Mean,MCC,Cohen_Kappa
0.982173306464114,0.984307757411248,0.982173306464114,0.9829357679412859,0.9381727501042191,0.8061109457581376,0.8025070725716262
