Accuracy,Precision,Recall,F1_score,G-Mean,MCC,Cohen_Kappa
0.980158115020927,0.982940932553347,0.980158115020927,0.9811440300968995,0.9344639130500619,0.7883536140261244,0.7835781287389955
