Accuracy,Precision,Recall,F1_score,G-Mean,MCC,Cohen_Kappa
0.980158115020927,0.9830919180394954,0.980158115020927,0.9811842976052357,0.937162342119089,0.7897656250126169,0.7845766606627415
