Accuracy,Precision,Recall,F1_score,G-Mean,MCC,Cohen_Kappa
0.981088203379321,0.9837389078789456,0.981088203379321,0.9820150225784232,0.9394242491698709,0.7981047630337502,0.793403698364181
