Accuracy,Precision,Recall,F1_score,G-Mean,MCC,Cohen_Kappa
0.980933188652922,0.982931005906295,0.980933188652922,0.9816810069909288,0.9257966351178788,0.7900622790430135,0.7870978803511086
