Accuracy,Precision,Recall,F1_score,G-Mean,MCC,Cohen_Kappa
0.980933188652922,0.9837951449110001,0.980933188652922,0.981919285980031,0.9420329484891997,0.7982362534242199,0.7929916348556032
