Accuracy,Precision,Recall,F1_score,G-Mean,MCC,Cohen_Kappa
0.980158115020927,0.9831934847005785,0.980158115020927,0.981210914556036,0.9389569865627524,0.790709756566553,0.7852372453663847
