Accuracy,Precision,Recall,F1_score,G-Mean,MCC,Cohen_Kappa
0.98124321810572,0.9836393624344902,0.98124321810572,0.9820979002860357,0.935907485384436,0.7975526692153035,0.79349935304113
