{
    "stats": {
        "strategy_counts": {
            "RandomUnderSampler": 33,
            "RandomOverSampler": 19,
            "SMOTE": 27,
            "ADASYN": 20
        },
        "resample_percent_counts": {
            "0.6338874880266163": 1,
            "0.9253622111543984": 1,
            "0.6684578863590481": 1,
            "0.5721681601177564": 1,
            "0.8491320043159258": 1,
            "0.7563109900273264": 1,
            "0.7245051411199005": 1,
            "0.9899029839345671": 1,
            "0.7176523601923687": 1,
            "0.7741696273986395": 1,
            "0.8447176614815054": 1,
            "0.6266713359835121": 1,
            "0.5220910579318649": 1,
            "0.8974547307804612": 1,
            "0.8751727972141898": 1,
            "0.699091671115814": 1,
            "0.5131496391342119": 1,
            "0.5253727053155592": 1,
            "0.709511280907668": 1,
            "0.6408658125093688": 1,
            "0.9879032782522295": 1,
            "0.5346605284089033": 1,
            "0.5883651789654928": 1,
            "0.6594584062821072": 1,
            "0.6577671823958512": 1,
            "0.5731800435702408": 1,
            "0.6096465706526271": 1,
            "0.5521493709929761": 1,
            "0.745172397483616": 1,
            "0.8812256875833462": 1,
            "0.9282738977010333": 1,
            "0.7382074244698422": 1,
            "0.9013991616355653": 1,
            "0.5727310799979723": 1,
            "0.9776680518507317": 1,
            "0.9806350515194664": 1,
            "0.6591425860600182": 1,
            "0.8021210341812494": 1,
            "0.9650007803681044": 1,
            "0.9589997843835902": 1,
            "0.642952182551441": 1,
            "0.8401665902415796": 1,
            "0.6612822655599186": 1,
            "0.6458746995476008": 1,
            "0.8365401198772082": 1,
            "0.8052434465112246": 1,
            "0.9161872128018542": 1,
            "0.5792057886981764": 1,
            "0.7736657503936455": 1,
            "0.5497448450116793": 1,
            "0.9451842456000256": 1,
            "0.9525131358517024": 1,
            "0.9924993702488094": 1,
            "0.8216731745178413": 1,
            "0.8511234132196202": 1,
            "0.6385506975223391": 1,
            "0.9304346039775603": 1,
            "0.688638479507638": 1,
            "0.9084016146238589": 1,
            "0.8930467228592651": 1,
            "0.5698866246964255": 1,
            "0.7978905199768513": 1,
            "0.8796060463911015": 1,
            "0.8792178196670648": 1,
            "0.5676397080870245": 1,
            "0.5902590640099058": 1,
            "0.6362602054820293": 1,
            "0.5502724636062941": 1,
            "0.973259052481128": 1,
            "0.9448149274866635": 1,
            "0.7417828647486431": 1,
            "0.9085238754172493": 1,
            "0.5600638090691598": 1,
            "0.7602685407427954": 1,
            "0.5094751822574866": 1,
            "0.9149316882301979": 1,
            "0.7926863293005588": 1,
            "0.6647845534340996": 1,
            "0.5903403483335643": 1,
            "0.752028946315982": 1,
            "0.6846861015425085": 1,
            "0.6737141656760336": 1,
            "0.9989017048750619": 1,
            "0.8523098086343698": 1,
            "0.8040813869969741": 1,
            "0.9521951574190255": 1,
            "0.6650618287876904": 1,
            "0.5707844871468257": 1,
            "0.5952453640165563": 1,
            "0.9200407962918671": 1,
            "0.9747949557814538": 1,
            "0.8746726480826816": 1,
            "0.5439851209210227": 1,
            "0.5617790099285187": 1,
            "0.593362512456876": 1,
            "0.9808402716198732": 1,
            "0.8274355217037586": 1,
            "0.7655768682273051": 1,
            "0.7841737776326565": 1
        }
    },
    "0": {
        "strategy": "RandomUnderSampler",
        "resample_percent": 0.6338874880266163
    },
    "1": {
        "strategy": "RandomUnderSampler",
        "resample_percent": 0.9253622111543984
    },
    "2": {
        "strategy": "RandomOverSampler",
        "resample_percent": 0.6684578863590481
    },
    "3": {
        "strategy": "SMOTE",
        "resample_percent": 0.5721681601177564
    },
    "4": {
        "strategy": "RandomUnderSampler",
        "resample_percent": 0.8491320043159258
    },
    "5": {
        "strategy": "RandomOverSampler",
        "resample_percent": 0.7563109900273264
    },
    "6": {
        "strategy": "SMOTE",
        "resample_percent": 0.7245051411199005
    },
    "7": {
        "strategy": "RandomUnderSampler",
        "resample_percent": 0.9899029839345671
    },
    "8": {
        "strategy": "ADASYN",
        "resample_percent": 0.7176523601923687
    },
    "9": {
        "strategy": "RandomUnderSampler",
        "resample_percent": 0.7741696273986395
    },
    "10": {
        "strategy": "RandomUnderSampler",
        "resample_percent": 0.8447176614815054
    },
    "11": {
        "strategy": "ADASYN",
        "resample_percent": 0.6266713359835121
    },
    "12": {
        "strategy": "ADASYN",
        "resample_percent": 0.5220910579318649
    },
    "13": {
        "strategy": "RandomUnderSampler",
        "resample_percent": 0.8974547307804612
    },
    "14": {
        "strategy": "RandomOverSampler",
        "resample_percent": 0.8751727972141898
    },
    "15": {
        "strategy": "RandomOverSampler",
        "resample_percent": 0.699091671115814
    },
    "16": {
        "strategy": "RandomOverSampler",
        "resample_percent": 0.5131496391342119
    },
    "17": {
        "strategy": "SMOTE",
        "resample_percent": 0.5253727053155592
    },
    "18": {
        "strategy": "SMOTE",
        "resample_percent": 0.709511280907668
    },
    "19": {
        "strategy": "RandomUnderSampler",
        "resample_percent": 0.6408658125093688
    },
    "20": {
        "strategy": "ADASYN",
        "resample_percent": 0.9879032782522295
    },
    "21": {
        "strategy": "RandomUnderSampler",
        "resample_percent": 0.5346605284089033
    },
    "22": {
        "strategy": "RandomUnderSampler",
        "resample_percent": 0.5883651789654928
    },
    "23": {
        "strategy": "SMOTE",
        "resample_percent": 0.6594584062821072
    },
    "24": {
        "strategy": "RandomUnderSampler",
        "resample_percent": 0.6577671823958512
    },
    "25": {
        "strategy": "ADASYN",
        "resample_percent": 0.5731800435702408
    },
    "26": {
        "strategy": "SMOTE",
        "resample_percent": 0.6096465706526271
    },
    "27": {
        "strategy": "RandomUnderSampler",
        "resample_percent": 0.5521493709929761
    },
    "28": {
        "strategy": "ADASYN",
        "resample_percent": 0.745172397483616
    },
    "29": {
        "strategy": "ADASYN",
        "resample_percent": 0.8812256875833462
    },
    "30": {
        "strategy": "SMOTE",
        "resample_percent": 0.9282738977010333
    },
    "31": {
        "strategy": "RandomUnderSampler",
        "resample_percent": 0.7382074244698422
    },
    "32": {
        "strategy": "RandomOverSampler",
        "resample_percent": 0.9013991616355653
    },
    "33": {
        "strategy": "SMOTE",
        "resample_percent": 0.5727310799979723
    },
    "34": {
        "strategy": "RandomOverSampler",
        "resample_percent": 0.9776680518507317
    },
    "35": {
        "strategy": "SMOTE",
        "resample_percent": 0.9806350515194664
    },
    "36": {
        "strategy": "RandomOverSampler",
        "resample_percent": 0.6591425860600182
    },
    "37": {
        "strategy": "SMOTE",
        "resample_percent": 0.8021210341812494
    },
    "38": {
        "strategy": "RandomOverSampler",
        "resample_percent": 0.9650007803681044
    },
    "39": {
        "strategy": "RandomUnderSampler",
        "resample_percent": 0.9589997843835902
    },