Accuracy,Precision,Recall,F1_score,G-Mean,MCC,Cohen_Kappa
0.995210514591223,0.9956132831269144,0.995210514591223,0.995351724042381,0.9955463370640308,0.9868786945964934,0.9868533865773286
