Accuracy,Precision,Recall,F1_score,G-Mean,MCC,Cohen_Kappa
0.99694124098223,0.9969413063162136,0.99694124098223,0.9969412709112297,0.995877302221676,0.991563408043817,0.991563400892868
