Accuracy,Precision,Recall,F1_score,G-Mean,MCC,Cohen_Kappa
0.993162773960279,0.9942044130029478,0.993162773960279,0.9935056928172173,0.994479929285869,0.9813955104272304,0.9813092032969162
