Accuracy,Precision,Recall,F1_score,G-Mean,MCC,Cohen_Kappa
0.9967356101238926,0.9967153790821615,0.9967356101238926,0.996724625852468,0.9954177928410117,0.990991962469683,0.990991591996015
