Accuracy,Precision,Recall,F1_score,G-Mean,MCC,Cohen_Kappa
0.997669516938842,0.9976575442849339,0.997669516938842,0.997662917262428,0.9966689827249053,0.9935695670385003,0.9935692879091593
