Accuracy,Precision,Recall,F1_score,G-Mean,MCC,Cohen_Kappa
0.983078293949312,0.990568153096758,0.983078293949312,0.9855360799042575,0.9901032776761677,0.955807593441128,0.9547699949360107
