Accuracy,Precision,Recall,F1_score,G-Mean,MCC,Cohen_Kappa
0.994739277207533,0.995320059608363,0.994739277207533,0.9949348033480384,0.995525699862327,0.9856206427252919,0.9855792075439735
