Accuracy,Precision,Recall,F1_score,G-Mean,MCC,Cohen_Kappa
0.982290042325685,0.9903830772566055,0.982290042325685,0.9849649314120879,0.9897558138680614,0.9538882749400646,0.95274198305147
