Accuracy,Precision,Recall,F1_score,G-Mean,MCC,Cohen_Kappa
0.993162773960279,0.9943641128008759,0.993162773960279,0.9935463411286,0.9949091769202796,0.9814377869378612,0.9813294036506379
