Accuracy,Precision,Recall,F1_score,G-Mean,MCC,Cohen_Kappa
0.995399009544699,0.9958341975245121,0.995399009544699,0.9955452894199153,0.99595417512066,0.9874058866475318,0.9873759781207693
