Accuracy,Precision,Recall,F1_score,G-Mean,MCC,Cohen_Kappa
0.983832273763216,0.9907193114017206,0.983832273763216,0.9860766805198166,0.9905446021657228,0.9576706887868754,0.956724368484475
