Accuracy,Precision,Recall,F1_score,G-Mean,MCC,Cohen_Kappa
0.9968041537433384,0.9967834246264602,0.9968041537433384,0.996792747662034,0.995403454838265,0.9911796967950217,0.991179042450603
