Accuracy,Precision,Recall,F1_score,G-Mean,MCC,Cohen_Kappa
0.997575269462104,0.9975431763419361,0.997575269462104,0.9975228540568362,0.9953599353474619,0.993302718333164,0.9932896741568102
