Accuracy,Precision,Recall,F1_score,G-Mean,MCC,Cohen_Kappa
0.996787017838477,0.9967878532061518,0.996787017838477,0.9967874294798487,0.995685341257046,0.9911379625573189,0.9911379512117701
