Accuracy,Precision,Recall,F1_score,G-Mean,MCC,Cohen_Kappa
0.995116267114485,0.9955973962337792,0.995116267114485,0.9952779637415771,0.9956663339715488,0.986637068260774,0.986603876654128
