Accuracy,Precision,Recall,F1_score,G-Mean,MCC,Cohen_Kappa
0.994610757921072,0.9953660900140107,0.994610757921072,0.994854661632244,0.9956946768167801,0.9853022779726466,0.9852436814095529
